#Sequence_OX458332_1_Methylococcus_species_strain_strain-crispr_OX458332_1_Methylococcus_species_strain_strain_1-spacers.fa	PhiSpy_Mc7.phages_2	1.237E+01	1
>spacer26	PhiSpy_Mc7.phages_2	4.244E-06	30	1	5396	5425	-|-	-|-
#Sequence_OX458332_1_Methylococcus_species_strain_strain-crispr_OX458332_1_Methylococcus_species_strain_strain_1-spacers.fa	VIBRANT_phages_NZ_CP110921_16-5_3	5.702E+00	1
>spacer26	VIBRANT_phages_NZ_CP110921_16-5_3	3.339E-03	33	1	7414	7382	-|-	-|-
#Sequence_OX458332_1_Methylococcus_species_strain_strain-crispr_OX458332_1_Methylococcus_species_strain_strain_2-spacers.fa	16-5_PHASTEST_4	1.799E+02	13
>spacer3	16-5_PHASTEST_4	5.144E-03	33	1	5843	5811	-|-	TTC|-
>spacer4	16-5_PHASTEST_4	4.244E-06	33	4	31609	31638	-|-	-|-
>spacer5	16-5_PHASTEST_4	1.056E-04	3	32	32974	33003	-|-	CTC|-
>spacer9	16-5_PHASTEST_4	1.417E-11	2	34	32641	32673	-|-	-|-
>spacer9	16-5_PHASTEST_4	1.417E-11	34	2	32673	32641	-|-	-|-
>spacer13	16-5_PHASTEST_4	3.784E-08	1	36	33248	33283	-|GGG	CCC|CGG
>spacer14	16-5_PHASTEST_4	4.266E-08	1	33	32287	32319	-|-	-|-
>spacer14	16-5_PHASTEST_4	4.266E-08	33	1	32319	32287	-|-	-|-
>spacer15	16-5_PHASTEST_4	1.717E-04	4	33	32827	32856	TTC|-	-|-
>spacer16	16-5_PHASTEST_4	2.234E-13	2	34	32445	32477	-|-	-|-
>spacer16	16-5_PHASTEST_4	2.234E-13	3	35	32446	32478	-|-	-|-
>spacer16	16-5_PHASTEST_4	2.234E-13	35	3	32478	32446	-|-	-|-
>spacer20	16-5_PHASTEST_4	4.396E-08	3	32	31626	31655	-|-	-|-
#Sequence_OX458332_1_Methylococcus_species_strain_strain-crispr_OX458332_1_Methylococcus_species_strain_strain_2-spacers.fa	C8_PHASTEST_1	4.509E+02	27
>spacer2	C8_PHASTEST_1	2.234E-13	2	34	25908	25940	-|-	-|-
>spacer2	C8_PHASTEST_1	2.234E-13	34	2	25940	25908	-|-	-|-
>spacer2	C8_PHASTEST_1	2.234E-13	33	1	25939	25907	-|-	-|-
>spacer4	C8_PHASTEST_1	9.306E-08	33	4	24344	24373	-|-	-|-
>spacer5	C8_PHASTEST_1	1.704E-09	1	27	25707	25733	ATG|-	-|-
>spacer5	C8_PHASTEST_1	4.028E-09	2	28	25708	25734	ATG|-	-|-
>spacer5	C8_PHASTEST_1	4.396E-08	3	32	25709	25738	ATG|-	-|-
>spacer5	C8_PHASTEST_1	4.396E-08	32	3	25738	25709	ATG|-	-|-
>spacer6	C8_PHASTEST_1	6.184E-05	1	33	27440	27472	-|-	-|-
>spacer6	C8_PHASTEST_1	1.717E-04	35	6	27474	27445	-|-	-|-
>spacer7	C8_PHASTEST_1	1.417E-11	33	1	27297	27265	-|-	CC|-
>spacer9	C8_PHASTEST_1	1.417E-11	1	33	25375	25407	-|-	-|-
>spacer9	C8_PHASTEST_1	1.417E-11	2	34	25376	25408	-|-	-|-
>spacer9	C8_PHASTEST_1	3.185E-11	34	5	25408	25379	-|-	-|-
>spacer12	C8_PHASTEST_1	1.417E-11	1	33	25030	24998	-|-	-|-
>spacer13	C8_PHASTEST_1	7.971E-10	1	36	25983	26018	-|-	-|-
>spacer13	C8_PHASTEST_1	7.971E-10	36	1	26018	25983	-|-	-|-
>spacer14	C8_PHASTEST_1	1.417E-11	1	33	25022	25054	-|AACGGTTT	-|-
>spacer14	C8_PHASTEST_1	1.417E-11	33	1	25054	25022	-|AACGGTTT	-|-
>spacer15	C8_PHASTEST_1	1.417E-11	3	35	25561	25593	-|-	-|-
>spacer15	C8_PHASTEST_1	1.417E-11	35	3	25593	25561	-|-	-|-
>spacer15	C8_PHASTEST_1	1.810E-09	4	33	25562	25591	-|-	-|-
>spacer15	C8_PHASTEST_1	1.810E-09	33	4	25591	25562	-|-	-|-
>spacer16	C8_PHASTEST_1	2.234E-13	3	35	25181	25213	CCG|-	-|CGG
>spacer16	C8_PHASTEST_1	2.234E-13	35	3	25213	25181	CCG|-	-|CGG
>spacer20	C8_PHASTEST_1	4.980E-06	3	29	24361	24387	-|-	-|-
>spacer20	C8_PHASTEST_1	1.883E-05	2	25	24360	24383	-|-	-|-
#Sequence_OX458332_1_Methylococcus_species_strain_strain-crispr_OX458332_1_Methylococcus_species_strain_strain_2-spacers.fa	NC_002977_Bath.phigaro.fasta_2	5.318E+01	2
>spacer24	NC_002977_Bath.phigaro.fasta_2	2.234E-13	2	34	30894	30862	-|-	ATG|TGG
>spacer24	NC_002977_Bath.phigaro.fasta_2	2.234E-13	34	2	30862	30894	-|-	ATG|TGG
#Sequence_OX458332_1_Methylococcus_species_strain_strain-crispr_OX458332_1_Methylococcus_species_strain_strain_2-spacers.fa	NC_002977_Bath_PHASTEST_2	5.318E+01	2
>spacer24	NC_002977_Bath_PHASTEST_2	2.234E-13	2	34	29758	29726	TCG|-	-|-
>spacer24	NC_002977_Bath_PHASTEST_2	2.234E-13	34	2	29726	29758	TCG|-	-|-
#Sequence_OX458332_1_Methylococcus_species_strain_strain-crispr_OX458332_1_Methylococcus_species_strain_strain_2-spacers.fa	NC_002977_Bath_PhiSpy.phages_2	5.318E+01	2
>spacer24	NC_002977_Bath_PhiSpy.phages_2	2.234E-13	2	34	27570	27538	-|-	-|-
>spacer24	NC_002977_Bath_PhiSpy.phages_2	2.234E-13	34	2	27538	27570	-|-	-|-
#Sequence_OX458332_1_Methylococcus_species_strain_strain-crispr_OX458332_1_Methylococcus_species_strain_strain_2-spacers.fa	NZ_CP110921_16-5.phigaro.fasta_4	1.797E+02	12
>spacer4	NZ_CP110921_16-5.phigaro.fasta_4	4.244E-06	33	4	25483	25512	CTC|AGG	CCT|-
>spacer5	NZ_CP110921_16-5.phigaro.fasta_4	1.056E-04	3	32	26848	26877	CCA|-	-|TGG
>spacer9	NZ_CP110921_16-5.phigaro.fasta_4	1.417E-11	2	34	26515	26547	TTC|-	-|-
>spacer9	NZ_CP110921_16-5.phigaro.fasta_4	1.417E-11	34	2	26547	26515	TTC|-	-|-
>spacer13	NZ_CP110921_16-5.phigaro.fasta_4	3.784E-08	1	36	27122	27157	-|-	-|-
>spacer14	NZ_CP110921_16-5.phigaro.fasta_4	4.266E-08	1	33	26161	26193	-|-	-|-
>spacer14	NZ_CP110921_16-5.phigaro.fasta_4	4.266E-08	33	1	26193	26161	-|-	-|-
>spacer15	NZ_CP110921_16-5.phigaro.fasta_4	1.717E-04	4	33	26701	26730	-|-	-|-
>spacer16	NZ_CP110921_16-5.phigaro.fasta_4	2.234E-13	2	34	26319	26351	-|CGG	CCG|-
>spacer16	NZ_CP110921_16-5.phigaro.fasta_4	2.234E-13	3	35	26320	26352	-|CGG	CCG|-
>spacer16	NZ_CP110921_16-5.phigaro.fasta_4	2.234E-13	35	3	26352	26320	-|CGG	CCG|-
>spacer20	NZ_CP110921_16-5.phigaro.fasta_4	4.396E-08	3	32	25500	25529	TTC|-	-|-
#Sequence_OX458332_1_Methylococcus_species_strain_strain-crispr_OX458332_1_Methylococcus_species_strain_strain_2-spacers.fa	PhiSpy_16-5.phages_4	1.799E+02	13
>spacer3	PhiSpy_16-5.phages_4	5.144E-03	33	1	545	513	-|-	-|-
>spacer4	PhiSpy_16-5.phages_4	4.244E-06	33	4	26311	26340	-|-	-|-
>spacer5	PhiSpy_16-5.phages_4	1.056E-04	3	32	27676	27705	-|-	-|-
>spacer9	PhiSpy_16-5.phages_4	1.417E-11	2	34	27343	27375	TTC|-	-|-
>spacer9	PhiSpy_16-5.phages_4	1.417E-11	34	2	27375	27343	TTC|-	-|-
>spacer13	PhiSpy_16-5.phages_4	3.784E-08	1	36	27950	27985	-|-	-|-
>spacer14	PhiSpy_16-5.phages_4	4.266E-08	1	33	26989	27021	-|-	-|-
>spacer14	PhiSpy_16-5.phages_4	4.266E-08	33	1	27021	26989	-|-	-|-
>spacer15	PhiSpy_16-5.phages_4	1.717E-04	4	33	27529	27558	ATG|TGG	CCA|-
>spacer16	PhiSpy_16-5.phages_4	2.234E-13	2	34	27147	27179	CCG|-	CC|CGG
>spacer16	PhiSpy_16-5.phages_4	2.234E-13	3	35	27148	27180	CCG|-	CC|CGG
>spacer16	PhiSpy_16-5.phages_4	2.234E-13	35	3	27180	27148	CCG|-	CC|CGG
>spacer20	PhiSpy_16-5.phages_4	4.396E-08	3	32	26328	26357	-|-	TTG|-
#Sequence_OX458332_1_Methylococcus_species_strain_strain-crispr_OX458332_1_Methylococcus_species_strain_strain_2-spacers.fa	VIBRANT_phages_NC_002977_Bath_1	5.318E+01	2
>spacer24	VIBRANT_phages_NC_002977_Bath_1	2.234E-13	2	34	32594	32562	-|-	-|-
>spacer24	VIBRANT_phages_NC_002977_Bath_1	2.234E-13	34	2	32562	32594	-|-	-|-
#Sequence_OX458332_1_Methylococcus_species_strain_strain-crispr_OX458332_1_Methylococcus_species_strain_strain_2-spacers.fa	VIBRANT_phages_NZ_CP110921_16-5_4	1.799E+02	13
>spacer3	VIBRANT_phages_NZ_CP110921_16-5_4	5.144E-03	33	1	3244	3212	-|-	-|-
>spacer4	VIBRANT_phages_NZ_CP110921_16-5_4	4.244E-06	33	4	29010	29039	-|-	-|-
>spacer5	VIBRANT_phages_NZ_CP110921_16-5_4	1.056E-04	3	32	30375	30404	-|-	-|CGG
>spacer9	VIBRANT_phages_NZ_CP110921_16-5_4	1.417E-11	2	34	30042	30074	-|-	CC|-
>spacer9	VIBRANT_phages_NZ_CP110921_16-5_4	1.417E-11	34	2	30074	30042	-|-	CC|-
>spacer13	VIBRANT_phages_NZ_CP110921_16-5_4	3.784E-08	1	36	30649	30684	-|-	-|-
>spacer14	VIBRANT_phages_NZ_CP110921_16-5_4	4.266E-08	1	33	29688	29720	-|-	-|-
>spacer14	VIBRANT_phages_NZ_CP110921_16-5_4	4.266E-08	33	1	29720	29688	-|-	-|-
>spacer15	VIBRANT_phages_NZ_CP110921_16-5_4	1.717E-04	4	33	30228	30257	-|-	-|-
>spacer16	VIBRANT_phages_NZ_CP110921_16-5_4	2.234E-13	2	34	29846	29878	-|-	-|-
>spacer16	VIBRANT_phages_NZ_CP110921_16-5_4	2.234E-13	3	35	29847	29879	-|-	-|-
>spacer16	VIBRANT_phages_NZ_CP110921_16-5_4	2.234E-13	35	3	29879	29847	-|-	-|-
>spacer20	VIBRANT_phages_NZ_CP110921_16-5_4	4.396E-08	3	32	29027	29056	-|-	TTG|-
#Sequence_OX458332_1_Methylococcus_species_strain_strain-crispr_OX458332_1_Methylococcus_species_strain_strain_2-spacers.fa	VIBRANT_phages_c8_1	4.509E+02	27
>spacer2	VIBRANT_phages_c8_1	2.234E-13	2	34	65301	65333	-|-	-|-
>spacer2	VIBRANT_phages_c8_1	2.234E-13	34	2	65333	65301	-|-	-|-
>spacer2	VIBRANT_phages_c8_1	2.234E-13	33	1	65332	65300	-|-	-|-
>spacer4	VIBRANT_phages_c8_1	9.306E-08	33	4	63737	63766	-|-	-|-
>spacer5	VIBRANT_phages_c8_1	1.704E-09	1	27	65100	65126	ATG|-	-|-
>spacer5	VIBRANT_phages_c8_1	4.028E-09	2	28	65101	65127	ATG|-	-|-
>spacer5	VIBRANT_phages_c8_1	4.396E-08	3	32	65102	65131	ATG|-	-|-
>spacer5	VIBRANT_phages_c8_1	4.396E-08	32	3	65131	65102	ATG|-	-|-
>spacer6	VIBRANT_phages_c8_1	6.184E-05	1	33	66833	66865	-|-	-|-
>spacer6	VIBRANT_phages_c8_1	1.717E-04	35	6	66867	66838	-|-	-|-
>spacer7	VIBRANT_phages_c8_1	1.417E-11	33	1	66690	66658	-|-	CC|-
>spacer9	VIBRANT_phages_c8_1	1.417E-11	1	33	64768	64800	-|-	-|-
>spacer9	VIBRANT_phages_c8_1	1.417E-11	2	34	64769	64801	-|-	-|-
>spacer9	VIBRANT_phages_c8_1	3.185E-11	34	5	64801	64772	-|-	-|-
>spacer12	VIBRANT_phages_c8_1	1.417E-11	1	33	64423	64391	-|-	-|-
>spacer13	VIBRANT_phages_c8_1	7.971E-10	1	36	65376	65411	-|-	-|-
>spacer13	VIBRANT_phages_c8_1	7.971E-10	36	1	65411	65376	-|-	-|-
>spacer14	VIBRANT_phages_c8_1	1.417E-11	1	33	64415	64447	-|AACGGTTT	-|-
>spacer14	VIBRANT_phages_c8_1	1.417E-11	33	1	64447	64415	-|AACGGTTT	-|-
>spacer15	VIBRANT_phages_c8_1	1.417E-11	3	35	64954	64986	-|-	-|-
>spacer15	VIBRANT_phages_c8_1	1.417E-11	35	3	64986	64954	-|-	-|-
>spacer15	VIBRANT_phages_c8_1	1.810E-09	4	33	64955	64984	-|-	-|-
>spacer15	VIBRANT_phages_c8_1	1.810E-09	33	4	64984	64955	-|-	-|-
>spacer16	VIBRANT_phages_c8_1	2.234E-13	3	35	64574	64606	CCG|-	-|CGG
>spacer16	VIBRANT_phages_c8_1	2.234E-13	35	3	64606	64574	CCG|-	-|CGG
>spacer20	VIBRANT_phages_c8_1	4.980E-06	3	29	63754	63780	-|-	-|-
>spacer20	VIBRANT_phages_c8_1	1.883E-05	2	25	63753	63776	-|-	-|-
#Sequence_OX458332_1_Methylococcus_species_strain_strain-crispr_OX458332_1_Methylococcus_species_strain_strain_2-spacers.fa	c8.phigaro.fasta_1	4.509E+02	27
>spacer2	c8.phigaro.fasta_1	2.234E-13	2	34	52168	52200	-|-	-|-
>spacer2	c8.phigaro.fasta_1	2.234E-13	34	2	52200	52168	-|-	-|-
>spacer2	c8.phigaro.fasta_1	2.234E-13	33	1	52199	52167	-|-	-|-
>spacer4	c8.phigaro.fasta_1	9.306E-08	33	4	50604	50633	-|-	-|-
>spacer5	c8.phigaro.fasta_1	1.704E-09	1	27	51967	51993	ATG|-	-|-
>spacer5	c8.phigaro.fasta_1	4.028E-09	2	28	51968	51994	ATG|-	-|-
>spacer5	c8.phigaro.fasta_1	4.396E-08	3	32	51969	51998	ATG|-	-|-
>spacer5	c8.phigaro.fasta_1	4.396E-08	32	3	51998	51969	ATG|-	-|-
>spacer6	c8.phigaro.fasta_1	6.184E-05	1	33	53700	53732	-|-	-|-
>spacer6	c8.phigaro.fasta_1	1.717E-04	35	6	53734	53705	-|-	-|-
>spacer7	c8.phigaro.fasta_1	1.417E-11	33	1	53557	53525	-|-	CC|-
>spacer9	c8.phigaro.fasta_1	1.417E-11	1	33	51635	51667	-|-	-|-
>spacer9	c8.phigaro.fasta_1	1.417E-11	2	34	51636	51668	-|-	-|-
>spacer9	c8.phigaro.fasta_1	3.185E-11	34	5	51668	51639	-|-	-|-
>spacer12	c8.phigaro.fasta_1	1.417E-11	1	33	51290	51258	-|-	-|-
>spacer13	c8.phigaro.fasta_1	7.971E-10	1	36	52243	52278	-|-	-|-
>spacer13	c8.phigaro.fasta_1	7.971E-10	36	1	52278	52243	-|-	-|-
>spacer14	c8.phigaro.fasta_1	1.417E-11	1	33	51282	51314	-|AACGGTTT	-|-
>spacer14	c8.phigaro.fasta_1	1.417E-11	33	1	51314	51282	-|AACGGTTT	-|-
>spacer15	c8.phigaro.fasta_1	1.417E-11	3	35	51821	51853	-|-	-|-
>spacer15	c8.phigaro.fasta_1	1.417E-11	35	3	51853	51821	-|-	-|-
>spacer15	c8.phigaro.fasta_1	1.810E-09	4	33	51822	51851	-|-	-|-
>spacer15	c8.phigaro.fasta_1	1.810E-09	33	4	51851	51822	-|-	-|-
>spacer16	c8.phigaro.fasta_1	2.234E-13	3	35	51441	51473	CCG|-	-|CGG
>spacer16	c8.phigaro.fasta_1	2.234E-13	35	3	51473	51441	CCG|-	-|CGG
>spacer20	c8.phigaro.fasta_1	4.980E-06	3	29	50621	50647	-|-	-|-
>spacer20	c8.phigaro.fasta_1	1.883E-05	2	25	50620	50643	-|-	-|-
